{"schemaVersion":"1.0","appDefinitionTemplate":{"id":"/providers/Microsoft.PowerApps/apps/","type":"Microsoft.PowerApps/apps","tags":{"primaryDeviceWidth":"1366","primaryDeviceHeight":"768","sienaVersion":"20211213T181823Z-3.21115.25.0","deviceCapabilities":"","supportsPortrait":"true","supportsLandscape":"true","primaryFormFactor":"Tablet","publisherVersion":"3.21115.25","minimumRequiredApiVersion":"2.2.0","hasComponent":"false","hasUnlockedComponent":"false","isUnifiedRootApp":"false"},"properties":{"appVersion":"2021-12-13T18:18:23Z","lifeCycleId":"Published","createdByClientVersion":{"major":3,"minor":21115,"build":25,"revision":0,"majorRevision":0,"minorRevision":0},"minClientVersion":{"major":3,"minor":21115,"build":25,"revision":0,"majorRevision":0,"minorRevision":0},"backgroundColor":"rgba(168, 0, 0, 1)","backgroundImageUri":"/3275304434336192547/Nca69cc39-0b71-4125-8c2b-60ad6b2718ee-logoSmallFile","displayName":"Secret Santa 2021","description":"","commitMessage":"Registration Button Hidden ","appUris":{"documentUri":{"value":"/3275304434336192547/N7043c72c-3c06-41d4-97e0-2821301244da-document.msapp"},"imageUris":[]},"createdTime":"0001-01-01T00:00:00Z","lastModifiedTime":"0001-01-01T00:00:00Z","sharedGroupsCount":0,"sharedUsersCount":0,"icons":{"smallIconUri":"/3275304434336192547/Ne8a83bf1-0913-4b99-8da1-67f0742f286d-small.png","mediumIconUri":"/3275304434336192547/N7c06d439-8d73-4edd-8bed-4129889c7f98-medium.png","largeIconUri":"/3275304434336192547/N4f6c088c-3084-40a5-9c24-37f1ec104ae5-large.png","wideIconUri":"/3275304434336192547/N50ad53d9-8495-4cb9-ac5e-40e5e3c34770-wide.png"},"connectionReferences":{"9ee05934-1474-4406-b861-283681c7a50c":{"id":"14e354b7-5f29-49b2-bd64-3f1e9524bb75","displayName":"Excel Online (Business)","iconUri":"https://connectoricons-prod.azureedge.net/releases/v1.0.1535/1.0.1535.2607/excelonlinebusiness/icon.png","dataSources":["Table1"],"dependencies":[],"dependents":[],"parameterHints":{},"parameterHintsV2":{},"isOnPremiseConnection":false,"bypassConsent":false,"dataSets":{"me,b%2521gMXSEdd-v06kRs-bRzaQfTCUw39jgcZEh5LNbv9hsFrJMdu1kEXwS4Ld3qTrGe5b,01QOTBDANMQ3LJ2SPATJGJXG5KIAHJRJGD":{"dataSources":{"Table1":{"tableName":"{491284A5-4A3F-47C8-8122-007455AC1019}"}}}},"apiTier":"Standard","isCustomApiConnection":false,"actions":["providers/PowerPlatform.Governance/Operations/Read","providers/PowerPlatform.Governance/Operations/Write"]},"5963ea23-93f1-47e5-afa8-242ef983c506":{"id":"0f128de1-f477-4265-a4a7-4f753111013f","displayName":"Office 365 Users","iconUri":"https://connectoricons-prod.azureedge.net/releases/v1.0.1542/1.0.1542.2635/office365users/icon.png","dataSources":["Office365Users"],"dependencies":[],"dependents":[],"parameterHints":{},"parameterHintsV2":{},"isOnPremiseConnection":false,"bypassConsent":false,"dataSets":{},"apiTier":"Standard","isCustomApiConnection":false,"actions":["UserPhotoV2"]}},"databaseReferences":{},"almMode":"Environment","performanceOptimizationEnabled":true,"canConsumeAppPass":true,"executionRestrictions":{"isTeamsOnly":false,"dataLossPreventionEvaluationResult":{"status":"Compliant","lastEvaluationDate":"2021-11-26T10:05:44.8103348Z","violations":[],"violationsByPolicy":[],"violationErrorMessage":"The app uses the following connectors: ."}}},"appType":"ClassicCanvasApp","appComponents":[]}}